Brand Name,Generic Name,Manufacturers,Year,Total Spending,Total Dosage Units,Total Claims,Total Beneficiaries,Average Spending Per Dosage Unit (Weighted),Average Spending Per Claim,Average Spending Per Beneficiary
Alvesco ,Ciclesonide ,1,2012,"4,936,230","189,782","22,053","6,448",26.01,223.83,765.54
Atorvastatin Calcium ,Atorvastatin Calcium ,14,2012,"1,272,170,397","670,769,365","14,718,657","3,482,154",1.89,86.43,365.34
Crestor ,Rosuvastatin Calcium ,1,2012,"1,789,822,135","361,025,786","8,624,570","1,598,181",4.96,207.53,"1,119.91"
Epinephrine ,Epinephrine ,3,2012,"16,154","6,984","3,891","3,649",2.4,4.15,4.43
Epipen 2-Pak ,Epinephrine ,1,2012,"40,434,411","379,549","186,538","161,939",106.53,216.76,249.69
Epipen Jr 2-Pak ,Epinephrine ,1,2012,"420,988","3,954","1,934","1,721",106.47,217.68,244.62
Flovent Diskus ,Fluticasone Propionate ,1,2012,"13,881,098","6,358,446","88,774","29,566",2.18,156.36,469.5
Flovent HFA ,Fluticasone Propionate ,1,2012,"206,388,476","13,821,683","994,493","297,685",14.85,207.53,693.31
Lipitor ,Atorvastatin Calcium ,1,2012,"720,960,122","160,154,115","3,416,692","1,135,080",4.58,211.01,635.16
Proair HFA ,Albuterol Sulfate ,1,2012,"5,839,617","1,129,926","106,147","105,137",5.17,55.01,55.54
Proventil HFA ,Albuterol Sulfate ,1,2012,"27,889,259","3,807,742","449,866","195,959",7.32,61.99,142.32
Simvastatin ,Simvastatin ,17,2012,"489,234,179","1,823,985,885","37,494,083","7,012,069",0.27,13.05,69.77
Symbicort ,Budesonide/Formoterol Fumarate ,1,2012,"499,835,773","23,273,917","1,983,317","523,492",21.47,252.02,954.81
Ventolin HFA ,Albuterol Sulfate ,1,2012,"125,898,628","57,488,309","2,771,631","1,050,713",2.19,45.42,119.82
Zocor ,Simvastatin ,1,2012,"3,783,154","759,934","14,713","3,632",5,257.13,"1,041.62"
Apidra ,Insulin Glulisine ,1,2012,"13,555,689","1,377,047","64,951","17,058",9.84,208.71,794.68
Apidra Solostar ,Insulin Glulisine ,1,2012,"4,975,396","385,749","18,217","8,544",12.9,273.12,582.33
c,"Insulin Regular, Human ",1,2012,"39,286,985","13,513,233","381,783","107,093",2.91,102.9,366.85
Humalog ,Insulin Lispro ,1,2012,"239,682,038","18,437,881","992,106","242,167",13,241.59,989.74
Humalog Kwikpen U-100 ,Insulin Lispro ,1,2012,"208,821,776","12,637,496","586,496","170,851",16.52,356.05,"1,222.24"
Humalog Mix 50-50 ,Insulin Lispro Protamin/Lispro ,1,2012,"12,866,673","983,904","30,322","5,764",13.08,424.33,"2,232.25"
Humalog Mix 50-50 Kwikpen ,Insulin Lispro Protamin/Lispro ,1,2012,"14,553,889","880,530","28,619","6,300",16.53,508.54,"2,310.14"
Humalog Mix 75-25 ,Insulin Lispro Protamin/Lispro ,1,2012,"81,027,345","6,253,534","245,359","45,505",12.96,330.24,"1,780.63"
Humalog Mix 75-25 Kwikpen ,Insulin Lispro Protamin/Lispro ,1,2012,"86,443,691","5,235,582","201,687","42,433",16.51,428.6,"2,037.18"
Humulin 70-30 ,Insulin NPh Hum/Reg Insulin Hm ,1,2012,"112,042,101","16,072,928","629,768","117,853",6.97,177.91,950.69
Humulin N ,Insulin NPh Human Isophane ,1,2012,"77,997,744","11,210,332","498,219","98,984",6.96,156.55,787.98
Humulin R U-500 ,"Insulin Regular, Human ",1,2012,"53,124,732","1,897,102","66,648","14,152",28,797.09,"3,753.87"
Lantus ,"Insulin Glargine,Hum.Rec.Anlog ",1,2012,"1,091,943,325","86,880,176","4,841,241","856,320",12.57,225.55,"1,275.16"
Lantus Solostar ,"Insulin Glargine,Hum.Rec.Anlog ",1,2012,"851,156,734","58,784,520","2,922,715","658,565",14.48,291.22,"1,292.44"
Levemir ,Insulin Detemir ,1,2012,"177,839,696","13,992,940","747,443","149,017",12.71,237.93,"1,193.42"
Levemir Flexpen ,Insulin Detemir ,1,2012,"316,912,841","21,734,903","1,037,015","240,247",14.58,305.6,"1,319.11"
Novolin 70-30 ,Insulin NPh Hum/Reg Insulin Hm ,2,2012,"125,217,023","19,253,410","774,449","142,948",6.54,161.69,875.96
Novolin N ,Insulin NPh Human Isophane ,2,2012,"79,769,728","15,441,033","609,715","136,687",5.18,130.83,583.59
Novolin R ,"Insulin Regular, Human ",2,2012,"64,615,024","10,048,539","702,086","174,810",6.46,92.03,369.63
Novolog ,Insulin Aspart ,1,2012,"368,664,418","27,983,446","1,629,681","354,586",13.17,226.22,"1,039.70"
Novolog Flexpen ,Insulin Aspart ,1,2012,"408,455,852","24,508,043","1,209,904","331,272",16.67,337.59,"1,232.99"
Novolog Mix 70-30 ,Insulin Aspart Prot/Insuln Asp ,1,2012,"145,540,127","11,158,532","459,862","83,159",13.04,316.49,"1,750.14"
Novolog Mix 70-30 Flexpen ,Insulin Aspart Prot/Insuln Asp ,1,2012,"210,381,269","12,671,716","490,049","100,501",16.6,429.31,"2,093.33"
Insulin,Insulin,26,2012,"4,784,874,096","391,342,576","19,168,335","4,104,816",12.53,293.92,1340.61
Alvesco ,Ciclesonide ,1,2013,"6,740,448.72","243,203","24,790","6,823",27.71,271.9,987.9
Atorvastatin Calcium ,Atorvastatin Calcium ,14,2013,"765,675,214.67","1,146,177,300","23,030,726","5,089,907",0.67,33.25,150.43
Crestor ,Rosuvastatin Calcium ,1,2013,"2,216,193,162.00","401,733,323","9,066,409","1,732,787",5.52,244.44,"1,278.98"
Epinephrine ,Epinephrine ,3,2013,666.83,"1,001",52,49,0.67,12.82,13.61
Epipen 2-Pak ,Epinephrine ,1,2013,"62,229,241.63","478,729","232,548","201,900",129.99,267.6,308.22
Epipen Jr 2-Pak ,Epinephrine ,1,2013,"643,836.84","4,918","2,353","2,088",130.91,273.62,308.35
Flovent Diskus ,Fluticasone Propionate ,1,2013,"19,441,783.09","8,156,284","111,152","35,645",2.38,174.91,545.43
Flovent HFA ,Fluticasone Propionate ,1,2013,"227,246,686.77","14,069,432","991,473","306,024",16.06,229.2,742.58
Lipitor ,Atorvastatin Calcium ,1,2013,"84,774,334.62","15,334,247","302,793","91,478",5.54,279.97,926.72
Proair HFA ,Albuterol Sulfate ,1,2013,"375,168,148.39","70,554,721","6,698,164","2,598,340",5.32,56.01,144.39
Proventil HFA ,Albuterol Sulfate ,1,2013,"32,217,038.85","4,070,177","464,001","216,072",7.92,69.43,149.1
Simvastatin ,Simvastatin ,17,2013,"432,373,340.85","1,888,911,763","36,598,260","7,021,074",0.23,11.81,61.58
Symbicort ,Budesonide/Formoterol Fumarate ,1,2013,"683,507,022.18","29,884,923","2,464,711","655,994",22.87,277.32,"1,041.94"
Ventolin HFA ,Albuterol Sulfate ,1,2013,"126,223,152.63","54,243,854","2,565,602","1,036,903",2.33,49.2,121.73
Zocor ,Simvastatin ,1,2013,"7,091,250.30","1,691,984","28,090","6,511",4.2,252.45,"1,089.12"
Apidra ,Insulin Glulisine ,1,2013,"15,731,853.56","1,273,613","53,899","13,987",12.35,291.88,"1,124.75"
Apidra Solostar ,Insulin Glulisine ,1,2013,"18,607,273.61","1,158,258","51,992","17,513",16.06,357.89,"1,062.48"
c,"Insulin Regular, Human ",1,2013,"50,046,732.00","7,650,356","434,901","124,621",6.54,115.08,401.59
Humalog ,Insulin Lispro ,1,2013,"307,223,394.91","21,283,054","1,085,874","263,312",14.43,282.93,"1,166.77"
Humalog Kwikpen U-100 ,Insulin Lispro ,1,2013,"335,854,461.85","17,948,556","805,029","231,238",18.71,417.2,"1,452.42"
Humalog Mix 50-50 ,Insulin Lispro Protamin/Lispro ,1,2013,"14,616,610.01","969,416","28,922","5,444",15.08,505.38,"2,684.90"
Humalog Mix 50-50 Kwikpen ,Insulin Lispro Protamin/Lispro ,1,2013,"20,420,676.39","1,078,647","32,947","7,257",18.93,619.8,"2,813.93"
Humalog Mix 75-25 ,Insulin Lispro Protamin/Lispro ,1,2013,"94,110,630.72","6,309,951","238,482","44,300",14.91,394.62,"2,124.39"
Humalog Mix 75-25 Kwikpen ,Insulin Lispro Protamin/Lispro ,1,2013,"129,435,741.16","6,908,096","250,926","52,437",18.74,515.83,"2,468.40"
Humulin 70-30 ,Insulin NPh Hum/Reg Insulin Hm ,1,2013,"137,020,372.86","18,112,780","647,946","120,544",7.56,211.47,"1,136.68"
Humulin N ,Insulin NPh Human Isophane ,1,2013,"103,372,194.23","18,160,145","650,458","144,529",5.69,158.92,715.23
Humulin R U-500 ,"Insulin Regular, Human ",1,2013,"93,501,654.39","2,343,195","81,000","17,209",39.9,"1,154.34","5,433.30"
Lantus ,"Insulin Glargine,Hum.Rec.Anlog ",1,2013,"1,311,063,183.10","85,656,971","4,601,729","838,353",15.31,284.91,"1,563.86"
Lantus Solostar ,"Insulin Glargine,Hum.Rec.Anlog ",1,2013,"1,371,996,460.70","80,268,076","3,863,847","862,887",17.09,355.09,"1,590.01"
Levemir ,Insulin Detemir ,1,2013,"273,675,095.06","17,592,139","959,363","184,972",15.56,285.27,"1,479.55"
Levemir Flexpen ,Insulin Detemir ,1,2013,"548,137,249.55","32,398,331","1,511,549","338,120",16.92,362.63,"1,621.13"
Novolin 70-30 ,Insulin NPh Hum/Reg Insulin Hm ,2,2013,"132,969,487.15","19,391,053","752,803","133,929",7.12,176.63,992.84
Novolin N ,Insulin NPh Human Isophane ,2,2013,"67,842,657.67","10,080,895","455,099","89,343",7,149.07,759.35
Novolin R ,"Insulin Regular, Human ",2,2013,"61,218,268.65","8,124,109","586,649","140,564",7.92,104.35,435.52
Novolog ,Insulin Aspart ,1,2013,"438,613,355.83","28,830,705","1,621,075","356,851",15.21,270.57,"1,229.12"
Novolog Flexpen ,Insulin Aspart ,1,2013,"619,666,076.45","32,310,448","1,579,973","425,399",19.18,392.2,"1,456.67"
Novolog Mix 70-30 ,Insulin Aspart Prot/Insuln Asp ,1,2013,"161,341,010.33","10,378,562","418,903","77,762",15.55,385.15,"2,074.81"
Novolog Mix 70-30 Flexpen ,Insulin Aspart Prot/Insuln Asp ,1,2013,"294,072,802.67","15,414,257","576,910","118,850",19.08,509.74,"2,474.32"
Insulin,Insulin,26,2013,"6,600,537,243","443,641,613","21,290,276","4,609,421",14.99,360.91,1663.57
Alvesco ,Ciclesonide ,1,2014,"7,401,952.30","245,904","24,408","6,545",30.1,303.26,"1,130.93"
Atorvastatin Calcium ,Atorvastatin Calcium ,14,2014,"740,665,822.49","1,678,490,811","32,278,937","6,725,606",0.44,22.95,110.13
Crestor ,Rosuvastatin Calcium ,1,2014,"2,543,786,425.70","419,224,451","9,073,952","1,752,704",6.07,280.34,"1,451.35"
Epinephrine ,Epinephrine ,3,2014,"3,622,820.85","31,858","15,537","14,253",118.15,233.17,254.18
Epipen 2-Pak ,Epinephrine ,1,2014,"87,549,349.71","504,568","245,129","212,261",173.51,357.16,412.46
Epipen Jr 2-Pak ,Epinephrine ,1,2014,"905,271.73","5,206","2,512","2,219",173.89,360.38,407.96
Flovent Diskus ,Fluticasone Propionate ,1,2014,"22,884,590.57","8,599,768","117,191","35,455",2.66,195.28,645.45
Flovent HFA ,Fluticasone Propionate ,1,2014,"235,819,296.35","13,122,226","918,574","286,011",17.87,256.72,824.51
Lipitor ,Atorvastatin Calcium ,1,2014,"48,665,937.36","7,522,236","140,411","39,244",6.48,346.6,"1,240.09"
Proair HFA ,Albuterol Sulfate ,1,2014,"489,507,170.53","86,975,051","8,356,882","3,111,532",5.63,58.58,157.32
Proventil HFA ,Albuterol Sulfate ,1,2014,"35,367,912.25","4,081,187","472,200","230,542",8.67,74.9,153.41
Simvastatin ,Simvastatin ,17,2014,"345,080,722.65","1,846,342,858","33,887,452","6,761,729",0.19,10.18,51.03
Symbicort ,Budesonide/Formoterol Fumarate ,1,2014,"942,361,511.72","38,386,151","3,147,249","826,678",24.54,299.42,"1,139.94"
Ventolin HFA ,Albuterol Sulfate ,1,2014,"125,396,271.94","50,716,330","2,387,639","997,850",2.47,52.52,125.67
Zocor ,Simvastatin ,1,2014,"7,432,468.07","1,653,288","26,326","6,134",4.51,282.32,"1,211.68"
Apidra ,Insulin Glulisine ,1,2014,"18,909,336.29","1,110,187","45,106","11,688",17.03,419.22,"1,617.84"
Apidra Solostar ,Insulin Glulisine ,1,2014,"29,941,406.11","1,366,898","60,998","19,359",21.9,490.86,"1,546.64"
c,"Insulin Regular, Human ",1,2014,"58,076,751.21","7,753,248","434,776","120,826",7.49,133.58,480.66
Humalog ,Insulin Lispro ,1,2014,"414,427,338.90","23,499,788","1,224,629","287,340",17.63,338.41,"1,442.29"
Humalog Kwikpen U-100 ,Insulin Lispro ,1,2014,"522,248,868.60","22,960,122","1,038,658","291,855",22.75,502.81,"1,789.41"
Humalog Mix 50-50 ,Insulin Lispro Protamin/Lispro ,1,2014,"17,678,913.39","934,346","28,095","5,295",18.92,629.25,"3,338.79"
Humalog Mix 50-50 Kwikpen ,Insulin Lispro Protamin/Lispro ,1,2014,"26,888,453.47","1,168,375","35,648","7,797",23.01,754.28,"3,448.56"
Humalog Mix 75-25 ,Insulin Lispro Protamin/Lispro ,1,2014,"116,147,354.29","6,220,935","234,194","43,330",18.67,495.95,"2,680.53"
Humalog Mix 75-25 Kwikpen ,Insulin Lispro Protamin/Lispro ,1,2014,"180,480,165.45","7,926,878","288,798","60,298",22.77,624.94,"2,993.14"
Humulin 70-30 ,Insulin NPh Hum/Reg Insulin Hm ,1,2014,"153,608,451.49","17,246,247","612,349","113,253",8.91,250.85,"1,356.33"
Humulin N ,Insulin NPh Human Isophane ,1,2014,"116,208,423.21","18,338,885","633,240","143,157",6.34,183.51,811.76
Humulin R U-500 ,"Insulin Regular, Human ",1,2014,"127,536,165.99","2,653,585","91,795","18,992",48.06,"1,389.36","6,715.26"
Lantus ,"Insulin Glargine,Hum.Rec.Anlog ",1,2014,"1,725,595,628.80","80,207,645","4,284,694","787,204",21.51,402.73,"2,192.06"
Lantus Solostar ,"Insulin Glargine,Hum.Rec.Anlog ",1,2014,"2,016,972,560.30","92,786,700","4,442,308","973,018",21.74,454.04,"2,072.90"
Levemir ,Insulin Detemir ,1,2014,"449,970,896.91","20,715,604","1,152,406","218,350",21.72,390.46,"2,060.78"
Levemir Flexpen ,Insulin Detemir ,1,2014,"654,734,849.73","30,956,272","1,461,967","379,423",21.15,447.85,"1,725.61"
Novolin 70-30 ,Insulin NPh Hum/Reg Insulin Hm ,2,2014,"142,675,547.56","18,354,224","684,097","123,760",8.16,208.56,"1,152.84"
Novolin N ,Insulin NPh Human Isophane ,2,2014,"73,036,441.30","9,644,879","417,555","82,922",7.94,174.91,880.78
Novolin R ,"Insulin Regular, Human ",2,2014,"61,975,163.21","7,437,940","492,120","117,637",8.91,125.94,526.83
Novolog ,Insulin Aspart ,1,2014,"514,411,128.38","27,938,123","1,533,861","336,195",18.41,335.37,"1,530.10"
Novolog Flexpen ,Insulin Aspart ,1,2014,"817,956,972.08","35,163,171","1,725,281","455,093",23.26,474.1,"1,797.34"
Novolog Mix 70-30 ,Insulin Aspart Prot/Insuln Asp ,1,2014,"171,452,315.32","9,107,812","364,969","68,309",18.82,469.77,"2,509.95"
Novolog Mix 70-30 Flexpen ,Insulin Aspart Prot/Insuln Asp ,1,2014,"354,953,984.06","15,341,902","568,568","115,681",23.14,624.29,"3,068.39"
Insulin,Insulin,26,2014,"8,765,887,116","458,833,766","21,856,112","4,780,782",18.62,448.74,2075.6
Alvesco ,Ciclesonide ,1,2015,"7,448,858.23","227,061","21,762","5,600",32.81,342.29,"1,330.15"
Atorvastatin Calcium ,Atorvastatin Calcium ,14,2015,"711,757,270.01","2,078,065,326","38,588,992","8,069,253",0.34,18.44,88.21
Crestor ,Rosuvastatin Calcium ,1,2015,"2,883,122,484.30","416,825,307","8,712,212","1,733,071",6.92,330.93,"1,663.59"
Epinephrine ,Epinephrine ,3,2015,"4,243,750.38","36,723","16,894","15,287",122.67,251.2,277.61
Epipen 2-Pak ,Epinephrine ,1,2015,"120,577,533.88","533,231","258,864","224,783",226.13,465.79,536.42
Epipen Jr 2-Pak ,Epinephrine ,1,2015,"1,185,121.87","5,238","2,498","2,182",226.25,474.43,543.14
Flovent Diskus ,Fluticasone Propionate ,1,2015,"25,780,000.71","9,106,363","123,197","36,751",2.83,209.26,701.48
Flovent HFA ,Fluticasone Propionate ,1,2015,"246,150,303.09","12,933,998","903,967","287,078",18.93,272.3,857.43
Lipitor ,Atorvastatin Calcium ,1,2015,"43,305,403.74","5,752,880","104,728","25,894",7.54,413.5,"1,672.41"
Proair HFA ,Albuterol Sulfate ,1,2015,"561,498,365.69","95,472,268","9,226,415","3,473,458",5.88,60.86,161.65
Proventil HFA ,Albuterol Sulfate ,1,2015,"31,487,650.29","3,255,743","375,399","192,935",9.67,83.88,163.2
Simvastatin ,Simvastatin ,17,2015,"261,105,349.66","1,806,563,583","31,726,387","6,478,984",0.15,8.23,40.3
Symbicort ,Budesonide/Formoterol Fumarate ,1,2015,"1,195,809,917.90","45,325,010","3,693,933","940,874",26.38,323.72,"1,270.96"
Ventolin HFA ,Albuterol Sulfate ,1,2015,"149,539,946.97","57,413,969","2,713,512","1,112,139",2.6,55.11,134.46
Zocor ,Simvastatin ,1,2015,"7,376,191.67","1,521,630","23,833","5,477",4.86,309.49,"1,346.76"
Apidra ,Insulin Glulisine ,1,2015,"20,316,520.13","961,028","38,755","9,412",21.14,524.23,"2,158.58"
Apidra Solostar ,Insulin Glulisine ,1,2015,"37,630,309.10","1,384,416","60,923","17,662",27.18,617.67,"2,130.58"
c,"Insulin Regular, Human ",1,2015,"67,512,760.15","7,815,301","424,912","117,715",8.64,158.89,573.53
Humalog ,Insulin Lispro ,1,2015,"500,794,282.28","23,783,120","1,251,572","295,211",21.05,400.13,"1,696.39"
Humalog Kwikpen U-100 ,Insulin Lispro ,1,2015,"700,094,998.63","25,674,177","1,180,550","335,395",27.27,593.02,"2,087.37"
Humalog Mix 50-50 ,Insulin Lispro Protamin/Lispro ,1,2015,"19,268,823.48","852,398","25,773","4,830",22.61,747.64,"3,989.40"
Humalog Mix 50-50 Kwikpen ,Insulin Lispro Protamin/Lispro ,1,2015,"30,787,721.82","1,120,107","34,143","7,502",27.49,901.73,"4,103.94"
Humalog Mix 75-25 ,Insulin Lispro Protamin/Lispro ,1,2015,"131,065,150.19","5,864,087","220,721","41,784",22.35,593.8,"3,136.73"
Humalog Mix 75-25 Kwikpen ,Insulin Lispro Protamin/Lispro ,1,2015,"225,534,896.70","8,250,262","300,711","64,352",27.34,750.01,"3,504.71"
Humulin 70-30 ,Insulin NPh Hum/Reg Insulin Hm ,1,2015,"173,852,145.43","16,289,844","573,902","108,436",10.67,302.93,"1,603.27"
Humulin N ,Insulin NPh Human Isophane ,1,2015,"134,011,166.52","18,562,842","621,867","144,220",7.22,215.5,929.21
Humulin R U-500 ,"Insulin Regular, Human ",1,2015,"158,942,096.88","2,771,102","97,199","19,528",57.36,"1,635.22","8,139.19"
Lantus ,"Insulin Glargine,Hum.Rec.Anlog ",1,2015,"1,876,168,995.10","75,067,073","3,993,659","733,912",24.99,469.79,"2,556.40"
Lantus Solostar ,"Insulin Glargine,Hum.Rec.Anlog ",1,2015,"2,483,335,172.00","100,568,924","4,861,671","1,041,382",24.69,510.8,"2,384.65"
Levemir ,Insulin Detemir ,1,2015,"536,800,452.65","20,604,517","1,142,892","221,844",26.05,469.69,"2,419.72"
Levemir Flexpen ,Insulin Detemir ,1,2015,"10,340,617.52","465,209","27,437","13,602",22.23,376.89,760.23
Novolin 70-30 ,Insulin NPh Hum/Reg Insulin Hm ,2,2015,"154,561,959.79","18,004,670","647,135","121,117",9.08,238.84,"1,276.14"
Novolin N ,Insulin NPh Human Isophane ,2,2015,"79,591,477.58","9,585,397","401,732","82,743",8.76,198.12,961.91
Novolin R ,"Insulin Regular, Human ",2,2015,"64,120,666.58","6,746,136","429,186","104,355",10.43,149.4,614.45
Novolog ,Insulin Aspart ,1,2015,"596,621,210.95","27,117,994","1,447,455","320,181",21.99,412.19,"1,863.39"
Novolog Flexpen ,Insulin Aspart ,1,2015,"1,089,595,668.00","39,005,842","1,941,529","500,986",27.93,561.2,"2,174.90"
Novolog Mix 70-30 ,Insulin Aspart Prot/Insuln Asp ,1,2015,"177,634,944.93","7,881,635","311,146","58,843",22.54,570.91,"3,018.79"
Novolog Mix 70-30 Flexpen ,Insulin Aspart Prot/Insuln Asp ,1,2015,"413,880,184.20","14,907,301","550,915","111,644",27.76,751.26,"3,707.14"
Insulin,Insulin,26,2015,"9,682,462,221","433,283,382","20,585,785","4,476,656",22.03,528.25,2425.68
Alvesco ,Ciclesonide ,1,2016,"7,411,128.15","206,741","19,462","4,477",35.85,380.8,"1,655.38"
Atorvastatin Calcium ,Atorvastatin Calcium ,14,2016,"755,763,518.63","2,488,075,884","44,402,142","9,404,753",0.3,17.02,80.36
Crestor ,Rosuvastatin Calcium ,1,2016,"2,323,133,630.50","285,725,181","6,013,547","1,560,382",8.13,386.32,"1,488.82"
Epinephrine ,Epinephrine ,3,2016,"8,459,444.43","52,615","24,425","21,871",168.67,346.34,386.79
Epipen 2-Pak ,Epinephrine ,1,2016,"164,036,734.46","564,331","273,828","234,146",290.67,599.05,700.57
Epipen Jr 2-Pak ,Epinephrine ,1,2016,"1,488,386.09","5,137","2,466","2,122",289.74,603.56,701.41
Flovent Diskus ,Fluticasone Propionate ,1,2016,"33,071,218.78","10,781,086","144,414","42,449",3.06,229,779.08
Flovent HFA ,Fluticasone Propionate ,1,2016,"298,367,210.16","14,476,811","1,014,050","321,289",20.51,294.23,928.66
Lipitor ,Atorvastatin Calcium ,1,2016,"66,701,250.27","7,661,092","122,362","29,934",8.72,545.11,"2,228.28"
Proair HFA ,Albuterol Sulfate ,1,2016,"408,282,012.45","65,678,250","6,288,443","2,642,840",6.22,64.93,154.49
Proventil HFA ,Albuterol Sulfate ,1,2016,"26,486,534.91","2,543,649","299,190","177,467",10.41,88.53,149.25
Simvastatin ,Simvastatin ,17,2016,"226,590,478.54","1,621,407,998","27,488,417","6,079,667",0.14,8.24,37.27
Symbicort ,Budesonide/Formoterol Fumarate ,1,2016,"1,431,862,303.00","51,337,583","4,142,775","1,012,546",27.88,345.63,"1,414.12"
Ventolin HFA ,Albuterol Sulfate ,1,2016,"342,254,292.97","120,110,160","5,667,418","2,273,794",2.85,60.39,150.52
Zocor ,Simvastatin ,1,2016,"4,410,829.93","748,138","12,241","3,362",5.9,360.33,"1,311.97"
Apidra ,Insulin Glulisine ,1,2016,"13,657,430.07","570,590","21,468","5,796",23.94,636.18,"2,356.35"
Apidra Solostar ,Insulin Glulisine ,1,2016,"26,595,241.64","863,216","36,626","11,586",30.81,726.13,"2,295.46"
c,"Insulin Regular, Human ",1,2016,"76,713,534.15","8,104,170","426,038","116,614",9.47,180.06,657.84
Humalog ,Insulin Lispro ,1,2016,"624,459,458.11","26,303,280","1,381,213","321,230",23.74,452.11,"1,943.96"
Humalog Kwikpen U-100 ,Insulin Lispro ,1,2016,"1,029,433,599.60","33,458,400","1,557,195","434,561",30.77,661.08,"2,368.90"
Humalog Mix 50-50 ,Insulin Lispro Protamin/Lispro ,1,2016,"18,952,437.50","742,868","22,969","4,226",25.51,825.13,"4,484.72"
Humalog Mix 50-50 Kwikpen ,Insulin Lispro Protamin/Lispro ,1,2016,"32,270,538.37","1,039,074","31,653","7,044",31.06,"1,019.51","4,581.28"
Humalog Mix 75-25 ,Insulin Lispro Protamin/Lispro ,1,2016,"154,010,455.90","6,105,491","229,628","43,460",25.22,670.7,"3,543.73"
Humalog Mix 75-25 Kwikpen ,Insulin Lispro Protamin/Lispro ,1,2016,"313,511,528.07","10,155,207","368,586","78,009",30.87,850.58,"4,018.91"
Humulin 70-30 ,Insulin NPh Hum/Reg Insulin Hm ,1,2016,"196,698,472.55","16,421,814","574,561","109,183",11.98,342.35,"1,801.55"
Humulin N ,Insulin NPh Human Isophane ,1,2016,"150,465,421.82","19,317,087","634,598","146,378",7.79,237.1,"1,027.92"
Humulin R U-500 ,"Insulin Regular, Human ",1,2016,"167,415,067.52","2,617,328","91,109","18,442",63.96,"1,837.53","9,077.92"
Lantus ,"Insulin Glargine,Hum.Rec.Anlog ",1,2016,"1,687,996,835.70","67,839,978","3,597,380","671,493",24.88,469.23,"2,513.80"
Lantus Solostar ,"Insulin Glargine,Hum.Rec.Anlog ",1,2016,"2,526,426,477.80","102,691,210","5,029,203","1,075,461",24.6,502.35,"2,349.16"
Levemir ,Insulin Detemir ,1,2016,"530,894,562.90","19,498,765","1,080,163","209,170",27.23,491.49,"2,538.10"
Levemir Flexpen ,Insulin Detemir ,1,2016,"1,632,081.78","73,399","4,508","2,100",22.24,362.04,777.18
Novolin 70-30 ,Insulin NPh Hum/Reg Insulin Hm ,2,2016,"153,828,619.20","15,795,224","558,318","110,444",10.25,275.52,"1,392.82"
Novolin N ,Insulin NPh Human Isophane ,2,2016,"78,589,860.53","8,368,277","350,562","75,950",9.86,224.18,"1,034.76"
Novolin R ,"Insulin Regular, Human ",2,2016,"62,866,830.71","5,903,946","364,237","91,881",11.69,172.6,684.22
Novolog ,Insulin Aspart ,1,2016,"579,747,933.55","23,176,987","1,230,313","283,933",25.01,471.22,"2,041.85"
Novolog Flexpen ,Insulin Aspart ,1,2016,"1,163,647,228.50","36,664,821","1,886,285","486,475",31.74,616.9,"2,392.00"
Novolog Mix 70-30 ,Insulin Aspart Prot/Insuln Asp ,1,2016,"152,737,804.61","5,958,954","233,946","47,253",25.63,652.88,"3,232.34"
Novolog Mix 70-30 Flexpen ,Insulin Aspart Prot/Insuln Asp ,1,2016,"396,687,061.01","12,585,542","465,200","97,175",31.52,852.72,"4,082.19"
Insulin,Insulin,26,2016,"10,139,238,482","424,255,628","20,175,759","4,447,864",24.34,588.24,2660.74
Alvesco ,Ciclesonide ,1,2017, , , ,"3,302", , , 
Atorvastatin Calcium ,Atorvastatin Calcium ,14,2017,"808,383,230.24","2,881,859,950","48,547,119","10,645,622",0.28,16.65,75.94
Crestor ,Rosuvastatin Calcium ,1,2017,"307,921,229.80","36,946,233","764,163","232,040",8.33,402.95,"1,327.02"
Epinephrine ,Epinephrine ,3,2017,"37,942,712.66","252,509","121,639","132,867",150.53,311.93,285.57
Epipen 2-Pak ,Epinephrine ,1,2017,"75,287,530.75","250,997","121,868","104,366",299.95,617.78,721.38
Epipen Jr 2-Pak ,Epinephrine ,1,2017,"784,206.71","2,561","1,230","1,033",306.21,637.57,759.15
Flovent Diskus ,Fluticasone Propionate ,1,2017,"38,966,556.64","11,835,832","156,750","45,566",3.29,248.59,855.17
Flovent HFA ,Fluticasone Propionate ,1,2017,"352,461,074.23","15,856,943","1,105,278","350,315",22.11,318.89,"1,006.13"
Lipitor ,Atorvastatin Calcium ,1,2017,"68,235,264.41","6,547,327","99,655","25,766",10.44,684.71,"2,648.27"
Proair HFA ,Albuterol Sulfate ,1,2017,"395,537,630.34","59,330,030","5,590,200","2,309,037",6.67,70.76,171.3
Proventil HFA ,Albuterol Sulfate ,1,2017,"19,184,028.09","1,730,076","202,127","115,232",11.09,94.91,166.48
Simvastatin ,Simvastatin ,17,2017,"186,681,335.87","1,449,470,144","23,407,155","5,875,375",0.13,7.98,31.77
Symbicort ,Budesonide/Formoterol Fumarate ,1,2017,"1,510,017,385.80","51,118,698","4,047,238","994,998",29.53,373.1,"1,517.61"
Ventolin HFA ,Albuterol Sulfate ,1,2017,"464,358,266.36","158,961,640","7,473,309","2,888,548",2.92,62.14,160.76
Zocor ,Simvastatin ,1,2017,"3,555,651.52","514,298","8,626","2,047",6.92,412.2,"1,737.01"
Apidra ,Insulin Glulisine ,1,2017,"9,012,297.15","360,165","12,635","3,470",25.02,713.28,"2,597.20"
Apidra Solostar ,Insulin Glulisine ,1,2017,"19,045,174.06","592,273","25,100","7,710",32.16,758.77,"2,470.19"
c,"Insulin Regular, Human ",1,2017,"39,286,984.75","13,513,233","381,783","107,093",2.91,102.9,366.85
Humalog ,Insulin Lispro ,1,2017,"594,528,099.26","23,104,248","1,217,401","282,797",25.73,488.36,"2,102.31"
Humalog Kwikpen U-100 ,Insulin Lispro ,1,2017,"1,089,309,295.90","32,480,146","1,512,965","414,218",33.54,719.98,"2,629.80"
Humalog Mix 50-50 ,Insulin Lispro Protamin/Lispro ,1,2017,"15,262,286.90","546,470","16,989","3,089",27.93,898.36,"4,940.85"
Humalog Mix 50-50 Kwikpen ,Insulin Lispro Protamin/Lispro ,1,2017,"29,244,152.56","863,886","26,054","5,728",33.85,"1,122.44","5,105.47"
Humalog Mix 75-25 ,Insulin Lispro Protamin/Lispro ,1,2017,"132,797,196.70","4,817,027","178,482","33,009",27.57,744.04,"4,023.06"
Humalog Mix 75-25 Kwikpen ,Insulin Lispro Protamin/Lispro ,1,2017,"312,406,668.84","9,259,694","326,594","67,371",33.74,956.56,"4,637.11"
Humulin 70-30 ,Insulin NPh Hum/Reg Insulin Hm ,1,2017,"112,042,100.91","16,072,928","629,768","117,853",6.97,177.91,950.69
Humulin N ,Insulin NPh Human Isophane ,1,2017,"77,997,744.13","11,210,332","498,219","98,984",6.96,156.55,787.98
Humulin R U-500 ,"Insulin Regular, Human ",1,2017,"53,124,731.84","1,897,102","66,648","14,152",28,797.09,"3,753.87"
Lantus ,"Insulin Glargine,Hum.Rec.Anlog ",1,2017,"1,553,436,484.80","62,264,748","3,258,042","614,081",24.95,476.8,"2,529.69"
Lantus Solostar ,"Insulin Glargine,Hum.Rec.Anlog ",1,2017,"851,156,733.63","58,784,520","2,922,715","658,565",14.48,291.22,"1,292.44"
Levemir ,Insulin Detemir ,1,2017,"177,839,695.74","13,992,940","747,443","149,017",12.71,237.93,"1,193.42"
Levemir Flexpen ,Insulin Detemir ,1,2017,"1,403,357,783.30","52,268,251","2,490,362","508,650",26.85,563.52,"2,758.99"
Novolin 70-30 ,Insulin NPh Hum/Reg Insulin Hm ,2,2017,"125,217,022.51","19,253,410","774,449","142,948",6.54,161.69,875.96
Novolin N ,Insulin NPh Human Isophane ,2,2017,"79,769,728.19","15,441,033","609,715","136,687",5.18,130.83,583.59
Novolin R ,"Insulin Regular, Human ",2,2017,"64,615,024.34","10,048,539","702,086","174,810",6.46,92.03,369.63
Novolog ,Insulin Aspart ,1,2017,"368,664,418.44","27,983,446","1,629,681","354,586",13.17,226.22,"1,039.70"
Novolog Flexpen ,Insulin Aspart ,1,2017,"408,455,852.22","24,508,043","1,209,904","331,272",16.67,337.59,"1,232.99"
Novolog Mix 70-30 ,Insulin Aspart Prot/Insuln Asp ,1,2017,"145,540,126.88","11,158,532","459,862","83,159",13.04,316.49,"1,750.14"
Novolog Mix 70-30 Flexpen ,Insulin Aspart Prot/Insuln Asp ,1,2017,"210,381,269.23","12,671,716","490,049","100,501",16.6,429.31,"2,093.33"
Insulin,Insulin,26,2017,"7,872,490,872","423,092,682","20,186,946","4,409,750",19.18,473.91,2177.62
Alvesco ,Ciclesonide ,1,2018,"739,683.84","22,503","1,964","3,384",32.97,376.62,218.58
Atorvastatin Calcium ,Atorvastatin Calcium ,14,2018,"880,964,447.65","3,278,240,189","51,743,622","11,861,387",0.27,17.03,74.27
Crestor ,Rosuvastatin Calcium ,1,2018,"77,289,899.65","9,074,584","174,318","56,079",8.52,443.38,"1,378.23"
Epinephrine ,Epinephrine ,3,2018,"66,213,970.42","457,372","225,732","196,587",144.61,293.33,336.82
Epipen 2-Pak ,Epinephrine ,1,2018,"26,843,004.20","89,503","43,671","39,441",299.91,614.66,680.59
Epipen Jr 2-Pak ,Epinephrine ,1,2018,"303,301.35",979,478,412,309.81,634.52,736.17
Flovent Diskus ,Fluticasone Propionate ,1,2018,"42,973,881.78","12,308,427","159,630","45,608",3.48,269.21,942.24
Flovent HFA ,Fluticasone Propionate ,1,2018,"400,614,549.37","16,938,719","1,161,705","365,402",23.52,344.85,"1,096.37"
Lipitor ,Atorvastatin Calcium ,1,2018,"74,449,676.87","6,259,243","91,275","23,971",11.9,815.66,"3,105.82"
Proair HFA ,Albuterol Sulfate ,1,2018,"377,137,948.87","52,296,902","4,872,860","2,075,583",7.21,77.4,181.7
Proventil HFA ,Albuterol Sulfate ,1,2018,"16,408,806.99","1,400,620","163,881","95,532",11.72,100.13,171.76
Simvastatin ,Simvastatin ,17,2018,"190,742,969.36","1,453,604,552","22,109,082","5,530,733",0.13,8.63,34.49
Symbicort ,Budesonide/Formoterol Fumarate ,1,2018,"1,751,036,417.80","55,336,698","4,264,807","1,039,448",31.63,410.58,"1,684.58"
Ventolin HFA ,Albuterol Sulfate ,1,2018,"574,530,659.33","190,013,950","8,885,217","3,382,573",3.02,64.66,169.85
Zocor ,Simvastatin ,1,2018,"3,346,270.21","462,910","7,554","1,801",7.21,442.98,"1,858.01"
Apidra ,Insulin Glulisine ,1,2018,"6,875,874.30","260,090","8,865","2,470",26.44,775.62,"2,783.75"
Apidra Solostar ,Insulin Glulisine ,1,2018,"16,589,813.26","485,918","20,742","6,206",34.14,799.82,"2,673.19"
c,"Insulin Regular, Human ",1,2018,"7,650,356.00","434,901","124,621",7,115.08,401.59,"58,076,751.21"
Humalog ,Insulin Lispro ,1,2018,"589,230,439.92","21,937,400","1,159,005","266,528",26.86,508.39,"2,210.76"
Humalog Kwikpen U-100 ,Insulin Lispro ,1,2018,"1,199,569,554.60","34,148,029","1,597,338","429,618",35.13,750.98,"2,792.18"
Humalog Mix 50-50 ,Insulin Lispro Protamin/Lispro ,1,2018,"13,727,392.85","474,115","14,816","2,599",28.95,926.52,"5,281.80"
Humalog Mix 50-50 Kwikpen ,Insulin Lispro Protamin/Lispro ,1,2018,"27,911,660.18","788,904","23,748","5,091",35.38,"1,175.33","5,482.55"
Humalog Mix 75-25 ,Insulin Lispro Protamin/Lispro ,1,2018,"118,619,512.26","4,104,192","148,512","27,440",28.9,798.72,"4,322.87"
Humalog Mix 75-25 Kwikpen ,Insulin Lispro Protamin/Lispro ,1,2018,"313,761,539.54","8,847,592","309,220","62,426",35.46,"1,014.69","5,026.14"
Humulin 70-30 ,Insulin NPh Hum/Reg Insulin Hm ,1,2018,"18,112,780.00","647,946","120,544",8,211.47,"1,136.68","153,608,451.49"
Humulin N ,Insulin NPh Human Isophane ,1,2018,"18,160,145.00","650,458","144,529",6,158.92,715.23,"116,208,423.21"
Humulin R U-500 ,"Insulin Regular, Human ",1,2018,"2,343,195.00","81,000","17,209",40,"1,154.34","5,433.30","127,536,165.99"
Lantus ,"Insulin Glargine,Hum.Rec.Anlog ",1,2018,"1,253,273,547.50","47,185,842","2,445,718","524,010",26.56,512.44,"2,391.70"
Lantus Solostar ,"Insulin Glargine,Hum.Rec.Anlog ",1,2018,"80,268,076.00","3,863,847","862,887",17,355.09,"1,590.01","2,016,972,560.30"
Levemir ,Insulin Detemir ,1,2018,"17,592,139.00","959,363","184,972",16,285.27,"1,479.55","449,970,896.91"
Levemir Flexpen ,Insulin Detemir ,1,2018,"1,583,937,903.30","54,936,145","2,645,052","535,495",28.83,598.83,"2,957.89"
Novolin 70-30 ,Insulin NPh Hum/Reg Insulin Hm ,2,2018,"19,391,053.00","752,803","133,929",7,176.63,992.84,"142,675,547.56"
Novolin N ,Insulin NPh Human Isophane ,2,2018,"10,080,895.00","455,099","89,343",7,149.07,759.35,"73,036,441.30"
Novolin R ,"Insulin Regular, Human ",2,2018,"8,124,109.00","586,649","140,564",8,104.35,435.52,"61,975,163.21"
Novolog ,Insulin Aspart ,1,2018,"28,830,705.00","1,621,075","356,851",15,270.57,"1,229.12","514,411,128.38"
Novolog Flexpen ,Insulin Aspart ,1,2018,"32,310,448.00","1,579,973","425,399",19,392.2,"1,456.67","817,956,972.08"
Novolog Mix 70-30 ,Insulin Aspart Prot/Insuln Asp ,1,2018,"10,378,562.00","418,903","77,762",16,385.15,"2,074.81","171,452,315.32"
Novolog Mix 70-30 Flexpen ,Insulin Aspart Prot/Insuln Asp ,1,2018,"15,414,257.00","576,910","118,850",19,509.74,"2,474.32","354,953,984.06"
Insulin,Insulin,26,2018,"5,392,153,958","185,797,154","11,170,476","1,862,068",198.89,1219.14,219950901
Alvesco ,Ciclesonide ,1,2019,"20,730,250.80","1,735,897","145,378","73,653",11.93,142.6,281.46
Atorvastatin Calcium ,Atorvastatin Calcium ,14,2019,"918,539,633.54","3,649,650,250","54,674,503","12,985,551",0.26,16.8,70.74
Crestor ,Rosuvastatin Calcium ,1,2019,"59,381,119.74","7,000,406","120,530","29,161",8.48,492.67,"2,036.32"
Epinephrine ,Epinephrine ,3,2019,"87,345,137.75","593,835","292,782","249,117",146.66,298.33,350.62
Epipen 2-Pak ,Epinephrine ,1,2019,"9,234,079.69","30,157","14,785","13,244",306.2,624.56,697.23
Epipen Jr 2-Pak ,Epinephrine ,1,2019,"154,797.72",496,246,216,312.09,629.26,716.66
Flovent Diskus ,Fluticasone Propionate ,1,2019,"43,880,505.28","12,223,602","154,181","44,993",3.59,284.6,975.27
Flovent HFA ,Fluticasone Propionate ,1,2019,"422,968,390.75","17,386,705","1,148,299","367,884",24.15,368.34,"1,149.73"
Lipitor ,Atorvastatin Calcium ,1,2019,"76,245,720.53","6,115,017","86,744","22,756",12.49,878.97,"3,350.58"
Proair HFA ,Albuterol Sulfate ,1,2019,"327,714,254.51","41,835,172","3,850,051","1,617,305",7.83,85.12,202.63
Proventil HFA ,Albuterol Sulfate ,1,2019,"7,025,806.99","623,850","71,594","43,815",11.26,98.13,160.35
Simvastatin ,Simvastatin ,17,2019,"206,975,631.28","1,497,279,630","21,430,571","5,180,030",0.14,9.66,39.96
Symbicort ,Budesonide/Formoterol Fumarate ,1,2019,"2,015,902,102.10","59,849,377","4,409,932","1,103,328",33.67,457.13,"1,827.11"
Ventolin HFA ,Albuterol Sulfate ,1,2019,"499,768,121.76","159,329,837","7,293,105","2,996,019",3.14,68.53,166.81
Zocor ,Simvastatin ,1,2019,"3,032,548.70","418,637","6,710","1,608",7.22,451.94,"1,885.91"
Apidra ,Insulin Glulisine ,1,2019,"5,352,750.90","192,660","6,116","1,561",27.78,875.2,"3,429.05"
Apidra Solostar ,Insulin Glulisine ,1,2019,"14,012,558.62","389,544","15,651","4,507",35.97,895.31,"3,109.07"
c,"Insulin Regular, Human ",1,2019,"434,776.00","120,826",7,134,480.66,"67,512,760.15","7,815,301.00"
Humalog ,Insulin Lispro ,1,2019,"549,236,374.47","20,681,482","1,053,989","246,647",26.55,521.1,"2,226.81"
Humalog Kwikpen U-100 ,Insulin Lispro ,1,2019,"1,218,056,279.40","34,931,814","1,595,961","438,874",34.87,763.21,"2,775.41"
Humalog Mix 50-50 ,Insulin Lispro Protamin/Lispro ,1,2019,"11,590,408.23","401,448","12,573","2,305",28.87,921.85,"5,028.38"
Humalog Mix 50-50 Kwikpen ,Insulin Lispro Protamin/Lispro ,1,2019,"26,031,916.33","736,083","22,265","4,633",35.37,"1,169.19","5,618.80"
Humalog Mix 75-25 ,Insulin Lispro Protamin/Lispro ,1,2019,"101,067,295.04","3,511,860","122,384","22,820",28.78,825.82,"4,428.89"
Humalog Mix 75-25 Kwikpen ,Insulin Lispro Protamin/Lispro ,1,2019,"303,665,676.52","8,582,148","292,855","58,483",35.38,"1,036.91","5,192.38"
Humulin 70-30 ,Insulin NPh Hum/Reg Insulin Hm ,1,2019,"612,349.00","113,253",9,251,"1,356.33","173,852,145.43","16,289,844.00"
Humulin N ,Insulin NPh Human Isophane ,1,2019,"633,240.00","143,157",6,184,811.76,"134,011,166.52","18,562,842.00"
Humulin R U-500 ,"Insulin Regular, Human ",1,2019,"91,795.00","18,992",48,"1,389","6,715.26","158,942,096.88","2,771,102.00"
Lantus ,"Insulin Glargine,Hum.Rec.Anlog ",1,2019,"1,158,800,854.50","40,991,724","2,050,972","421,970",28.27,565,"2,746.17"
Lantus Solostar ,"Insulin Glargine,Hum.Rec.Anlog ",1,2019,"4,442,308.00","973,018",22,454,"2,072.90","2,483,335,172.00","100,568,924.00"
Levemir ,Insulin Detemir ,1,2019,"1,152,406.00","218,350",22,390,"2,060.78","536,800,452.65","20,604,517.00"
Levemir Flexpen ,Insulin Detemir ,1,2019,"1,622,076,814.20","52,121,206","2,516,819","496,595",31.12,644.49,"3,266.40"
Novolin 70-30 ,Insulin NPh Hum/Reg Insulin Hm ,2,2019,"684,097.00","123,760",8,209,"1,152.84","154,561,959.79","18,004,670.00"
Novolin N ,Insulin NPh Human Isophane ,2,2019,"417,555.00","82,922",8,175,880.78,"79,591,477.58","9,585,397.00"
Novolin R ,"Insulin Regular, Human ",2,2019,"492,120.00","117,637",9,126,526.83,"64,120,666.58","6,746,136.00"
Novolog ,Insulin Aspart ,1,2019,"1,533,861.00","336,195",18,335,"1,530.10","596,621,210.95","27,117,994.00"
Novolog Flexpen ,Insulin Aspart ,1,2019,"1,725,281.00","455,093",23,474,"1,797.34","1,089,595,668.00","39,005,842.00"
Novolog Mix 70-30 ,Insulin Aspart Prot/Insuln Asp ,1,2019,"364,969.00","68,309",19,470,"2,509.95","177,634,944.93","7,881,635.00"
Novolog Mix 70-30 Flexpen ,Insulin Aspart Prot/Insuln Asp ,1,2019,"568,568.00","115,681",23,624,"3,068.39","413,880,184.20","14,907,301.00"
Insulin,Insulin,26,2019,"5,023,044,253","165,427,162","7,689,807","1,703,610",1098.99,266542092.3,12604318.54
Alvesco ,Ciclesonide ,1,2020,"30,903,953.29","2,672,271","219,154","84,373",11.55,141.01,366.28
Atorvastatin Calcium ,Atorvastatin Calcium ,14,2020,"846,575,189.38","4,048,111,011","58,192,797","13,875,265",0.21,14.55,61.01
Crestor ,Rosuvastatin Calcium ,1,2020,"54,380,617.56","6,235,756","100,389","23,807",8.72,541.7,"2,284.23"
Epinephrine ,Epinephrine ,3,2020,"94,680,099.62","679,787","331,398","274,275",138.83,285.7,345.2
Epipen 2-Pak ,Epinephrine ,1,2020,"6,804,436.10","24,030","11,609","10,052",283.16,586.13,676.92
Epipen Jr 2-Pak ,Epinephrine ,1,2020,"39,503.38",130,61,46,303.87,647.6,858.77
Flovent Diskus ,Fluticasone Propionate ,1,2020,"47,085,207.97","12,799,261","156,772","43,454",3.68,300.34,"1,083.56"
Flovent HFA ,Fluticasone Propionate ,1,2020,"463,094,312.09","18,538,511","1,193,564","364,122",24.83,387.99,"1,271.81"
Lipitor ,Atorvastatin Calcium ,1,2020,"73,147,637.42","5,587,580","76,325","19,367",13.1,958.37,"3,776.92"
Proair HFA ,Albuterol Sulfate ,1,2020,"190,243,880.79","24,594,582","2,206,341","937,542",7.74,86.23,202.92
Proventil HFA ,Albuterol Sulfate ,1,2020,"3,026,489.01","274,232","27,971","14,210",11.04,108.2,212.98
Simvastatin ,Simvastatin ,17,2020,"186,217,381.99","1,482,811,228","20,441,398","4,830,073",0.13,9.11,38.55
Symbicort ,Budesonide/Formoterol Fumarate ,1,2020,"1,979,983,681.50","56,252,306","3,999,802","1,017,530",35.18,495.02,"1,945.87"
Ventolin HFA ,Albuterol Sulfate ,1,2020,"314,326,928.26","99,979,436","4,649,329","1,693,314",3.14,67.61,185.63
Zocor ,Simvastatin ,1,2020,"2,826,629.42","391,588","5,833","1,414",7.2,484.59,"1,999.03"
Apidra ,Insulin Glulisine ,1,2020,"4,528,780.01","163,032","4,628","1,146",27.78,978.56,"3,951.82"
Apidra Solostar ,Insulin Glulisine ,1,2020,"12,268,554.96","340,665","13,373","3,646",36.01,917.41,"3,364.94"
c,"Insulin Regular, Human ",1,2020,"117,715.00",9,159,574,"76,713,534.15","8,104,170.00","426,038.00"
Humalog ,Insulin Lispro ,1,2020,"449,251,292.15","17,241,808","759,810","192,852",26.05,591.27,"2,329.51"
Humalog Kwikpen U-100 ,Insulin Lispro ,1,2020,"1,053,915,810.30","30,573,580","1,276,804","384,871",34.47,825.43,"2,738.36"
Humalog Mix 50-50 ,Insulin Lispro Protamin/Lispro ,1,2020,"10,144,996.96","353,120","11,129","1,932",28.73,911.58,"5,251.03"
Humalog Mix 50-50 Kwikpen ,Insulin Lispro Protamin/Lispro ,1,2020,"24,113,083.78","684,384","20,412","4,241",35.23,"1,181.32","5,685.71"
Humalog Mix 75-25 ,Insulin Lispro Protamin/Lispro ,1,2020,"89,208,218.23","3,115,026","103,461","19,228",28.64,862.24,"4,639.50"
Humalog Mix 75-25 Kwikpen ,Insulin Lispro Protamin/Lispro ,1,2020,"277,054,165.58","7,877,933","258,489","53,831",35.17,"1,071.82","5,146.74"
Humulin 70-30 ,Insulin NPh Hum/Reg Insulin Hm ,1,2020,"108,436.00",11,303,"1,603","196,698,472.55","16,421,814.00","574,561.00"
Humulin N ,Insulin NPh Human Isophane ,1,2020,"144,220.00",7,216,929,"150,465,421.82","19,317,087.00","634,598.00"
Humulin R U-500 ,"Insulin Regular, Human ",1,2020,"19,528.00",57,"1,635","8,139","167,415,067.52","2,617,328.00","91,109.00"
Lantus ,"Insulin Glargine,Hum.Rec.Anlog ",1,2020,"1,055,722,607.00","37,436,773","1,821,215","378,001",28.2,579.68,"2,792.91"
Lantus Solostar ,"Insulin Glargine,Hum.Rec.Anlog ",1,2020,"1,041,382.00",25,511,"2,385","2,526,426,477.80","102,691,210.00","5,029,203.00"
Levemir ,Insulin Detemir ,1,2020,"221,844.00",26,470,"2,420","530,894,562.90","19,498,765.00","1,080,163.00"
Levemir Flexpen ,Insulin Detemir ,1,2020,"1,554,791,324.70","49,626,508","2,293,691","455,219",31.33,677.86,"3,415.48"
Novolin 70-30 ,Insulin NPh Hum/Reg Insulin Hm ,2,2020,"121,117.00",9,239,"1,276","153,828,619.20","15,795,224.00","558,318.00"
Novolin N ,Insulin NPh Human Isophane ,2,2020,"82,743.00",9,198,962,"78,589,860.53","8,368,277.00","350,562.00"
Novolin R ,"Insulin Regular, Human ",2,2020,"104,355.00",10,149,614,"62,866,830.71","5,903,946.00","364,237.00"
Novolog ,Insulin Aspart ,1,2020,"320,181.00",22,412,"1,863","579,747,933.55","23,176,987.00","1,230,313.00"
Novolog Flexpen ,Insulin Aspart ,1,2020,"500,986.00",28,561,"2,175","1,163,647,228.50","36,664,821.00","1,886,285.00"
Novolog Mix 70-30 ,Insulin Aspart Prot/Insuln Asp ,1,2020,"58,843.00",23,571,"3,019","152,737,804.61","5,958,954.00","233,946.00"
Novolog Mix 70-30 Flexpen ,Insulin Aspart Prot/Insuln Asp ,1,2020,"111,644.00",28,751,"3,707","396,687,061.01","12,585,542.00","465,200.00"
Insulin,Insulin,26,2020,"4,533,951,828","147,413,093","6,569,187","1,524,633",0,12048379.22,563645.61
Alvesco ,Ciclesonide ,1,2021,"31,974,256.19","2,649,151","207,443","79,758",12.06,154.14,400.89
Atorvastatin Calcium ,Atorvastatin Calcium ,14,2021,"836,195,879.35","4,338,734,543","61,100,574","14,955,893",0.2,13.69,55.91
Crestor ,Rosuvastatin Calcium ,1,2021,"48,218,264.41","5,247,368","81,881","19,884",9.19,588.88,"2,424.98"
Epinephrine ,Epinephrine ,3,2021,"121,105,229.45","917,998","447,487","368,591",131.72,270.63,328.56
Epipen 2-Pak ,Epinephrine ,1,2021,"1,671,455.79","5,552","2,663","2,106",301.04,627.66,793.66
Epipen Jr 2-Pak ,Epinephrine ,1,2021,"18,443.82",60,30,24,307.4,614.79,768.49
Flovent Diskus ,Fluticasone Propionate ,1,2021,"47,116,750.65","12,286,943","146,785","42,036",3.83,320.99,"1,120.87"
Flovent HFA ,Fluticasone Propionate ,1,2021,"464,889,663.48","17,846,406","1,149,451","360,413",25.88,404.44,"1,289.88"
Lipitor ,Atorvastatin Calcium ,1,2021,"39,227,775.41","2,789,967","39,274","11,078",14.04,998.82,"3,541.05"
Proair HFA ,Albuterol Sulfate ,1,2021,"70,019,624.49","9,336,126","763,325","315,497",7.5,91.73,221.93
Proventil HFA ,Albuterol Sulfate ,1,2021,"1,605,953.69","142,878","13,799","5,299",11.23,116.38,303.07
Simvastatin ,Simvastatin ,17,2021,"163,875,183.48","1,386,949,162","18,748,527","4,553,435",0.12,8.74,35.99
Symbicort ,Budesonide/Formoterol Fumarate ,1,2021,"1,952,249,973.20","53,061,785","3,735,932","955,459",36.77,522.56,"2,043.26"
Ventolin HFA ,Albuterol Sulfate ,1,2021,"195,533,209.94","61,251,004","2,745,417","974,374",3.19,71.22,200.68
Zocor ,Simvastatin ,1,2021,"2,296,101.22","313,222","4,491","1,244",7.31,511.27,"1,845.74"
Apidra ,Insulin Glulisine ,1,2021,"3,769,932.12","134,030","3,667",931,28.13,"1,028.07","4,049.34"
Apidra Solostar ,Insulin Glulisine ,1,2021,"10,338,190.91","284,742","10,386","2,948",36.31,995.4,"3,506.85"
c,"Insulin Regular, Human ",1,2021,9.47,180,658,0,0.34,,
Humalog ,Insulin Lispro ,1,2021,"435,057,237.32","16,257,949","647,732","167,509",26.76,671.66,"2,597.22"
Humalog Kwikpen U-100 ,Insulin Lispro ,1,2021,"1,076,261,741.20","30,566,840","1,209,113","374,293",35.21,890.13,"2,875.45"
Humalog Mix 50-50 ,Insulin Lispro Protamin/Lispro ,1,2021,"9,337,859.11","321,930","9,932","1,753",29.01,940.18,"5,326.79"
Humalog Mix 50-50 Kwikpen ,Insulin Lispro Protamin/Lispro ,1,2021,"22,618,250.16","631,332","18,284","4,026",35.83,"1,237.05","5,618.05"
Humalog Mix 75-25 ,Insulin Lispro Protamin/Lispro ,1,2021,"79,517,909.38","2,728,563","86,741","16,975",29.14,916.73,"4,684.41"
Humalog Mix 75-25 Kwikpen ,Insulin Lispro Protamin/Lispro ,1,2021,"250,811,374.30","7,006,563","214,062","47,808",35.8,"1,171.68","5,246.22"
Humulin 70-30 ,Insulin NPh Hum/Reg Insulin Hm ,1,2021,11.98,342,"1,802",0,0.14,,
Humulin N ,Insulin NPh Human Isophane ,1,2021,7.79,237,"1,028",0,0.03,,
Humulin R U-500 ,"Insulin Regular, Human ",1,2021,63.96,"1,838","9,078",0,0.23,,
Lantus ,"Insulin Glargine,Hum.Rec.Anlog ",1,2021,"958,653,939.41","33,844,840","1,606,778","347,108",28.32,596.63,"2,761.83"
Lantus Solostar ,"Insulin Glargine,Hum.Rec.Anlog ",1,2021,24.6,502,"2,349",0,0.14,,
Levemir ,Insulin Detemir ,1,2021,27.23,491,"2,538",0,0.21,,
Levemir Flexpen ,Insulin Detemir ,1,2021,"1,495,189,258.30","46,933,004","2,071,515","429,707",31.86,721.79,"3,479.56"
Novolin 70-30 ,Insulin NPh Hum/Reg Insulin Hm ,2,2021,10.25,276,"1,393",0,0.12,,
Novolin N ,Insulin NPh Human Isophane ,2,2021,9.86,224,"1,035",0,0.17,,
Novolin R ,"Insulin Regular, Human ",2,2021,11.69,173,684,0,0.16,,
Novolog ,Insulin Aspart ,1,2021,25.01,471,"2,042",0,0.17,,
Novolog Flexpen ,Insulin Aspart ,1,2021,31.74,617,"2,392",0,0.17,,
Novolog Mix 70-30 ,Insulin Aspart Prot/Insuln Asp ,1,2021,25.63,653,"3,232",0,0.18,,
Novolog Mix 70-30 Flexpen ,Insulin Aspart Prot/Insuln Asp ,1,2021,31.52,853,"4,082",0,0.17,,
Insulin,Insulin,26,2021,"4,341,555,983","138,716,650","5,910,523","1,393,058",13.85,916.93,4014.57
